{"ir_intrinsic": {"rows": 400, "cols": 640, "focal_length": [422.5090026855469, 423.3485107421875], "principal_point": [319.3794860839844, 196.22250366210938], "distortion_coeffs": [0.0629706010222435, -0.11773800104856491, -0.0005960739799775183, -0.00016636299551464617, 0.05686970055103302]}, "rgb_intrinsic": {"rows": 400, "cols": 640, "focal_length": [417.3999938964844, 418.2874755859375], "principal_point": [318.0487365722656, 190.20791625976562], "distortion_coeffs": [0.0012386100133880973, -0.03958750143647194, 0.00024158500309567899, -0.0003022709861397743, 0.022377299144864082]}, "extrinsic": {"rotation_matrix": [0.9999246001243591, 0.012208804488182068, 0.0008032680489122868, -0.012228739447891712, 0.9993788003921509, 0.03305407240986824, -0.0003992202691733837, -0.03306138142943382, 0.9994527101516724], "translation_vector": [-9.902070045471191, 0.40564098954200745, 0.4423229992389679]}}