{"ir_intrinsic": {"rows": 400, "cols": 640, "focal_length": [422.99951171875, 423.8374938964844], "principal_point": [320.0474853515625, 200.9915008544922], "distortion_coeffs": [0.06373660266399384, -0.12459299713373184, -0.0003580370103009045, 0.00043087798985652626, 0.06428799778223038]}, "rgb_intrinsic": {"rows": 400, "cols": 640, "focal_length": [417.754150390625, 418.49163818359375], "principal_point": [316.38165283203125, 190.708740234375], "distortion_coeffs": [0.004508419893682003, -0.05007629841566086, 0.00022801700106356293, -1.599730057932902e-05, 0.03074299916625023]}, "extrinsic": {"rotation_matrix": [0.999989926815033, -0.004480459727346897, 0.0012145193759351969, 0.0044478196650743484, 0.9996606111526489, 0.02566126547753811, -0.0013290841598063707, -0.025655608624219894, 0.99966961145401], "translation_vector": [-10.082300186157227, 0.22257100045681, 0.4036470055580139]}}