{"ir_intrinsic": {"rows": 400, "cols": 640, "focal_length": [423.59600830078125, 424.3810119628906], "principal_point": [319.8909912109375, 200.84249877929688], "distortion_coeffs": [0.06586519628763199, -0.13185100257396698, 0.0004082669911440462, 0.00018444900342728943, 0.07152000069618225]}, "rgb_intrinsic": {"rows": 400, "cols": 640, "focal_length": [419.0291442871094, 419.8249816894531], "principal_point": [320.8037414550781, 192.8183135986328], "distortion_coeffs": [0.004235770087689161, -0.05194219946861267, 0.00033034099033102393, 9.1752597654704e-05, 0.03223469853401184]}, "extrinsic": {"rotation_matrix": [0.9997974634170532, 0.020023107528686523, -0.0021035154350101948, -0.019990433007478714, 0.9996934533119202, 0.014581169001758099, 0.0023948312737047672, -0.014536168426275253, 0.9998916387557983], "translation_vector": [-10.060600280761719, 0.16801400482654572, 0.22900399565696716]}}