{"ir_intrinsic": {"rows": 400, "cols": 640, "focal_length": [423.1235046386719, 424.010009765625], "principal_point": [318.6059875488281, 202.0330047607422], "distortion_coeffs": [0.06277579814195633, -0.11310700327157974, -0.0005971880163997412, -0.00031267901067622006, 0.053260598331689835]}, "rgb_intrinsic": {"rows": 400, "cols": 640, "focal_length": [416.8749694824219, 417.6041564941406], "principal_point": [315.0562438964844, 189.54624938964844], "distortion_coeffs": [0.0015450400533154607, -0.04079790040850639, 0.00018663999799173325, -0.000162690004799515, 0.024073200300335884]}, "extrinsic": {"rotation_matrix": [0.9999762773513794, -0.005847473628818989, -0.003581967204809189, 0.005898662842810154, 0.9998775124549866, 0.01445062831044197, 0.003497038036584854, -0.014471480622887611, 0.9998899102210999], "translation_vector": [-10.123600006103516, -0.01691949926316738, 0.5345960259437561]}}