{"ir_intrinsic": {"rows": 400, "cols": 640, "focal_length": [422.6709899902344, 423.3584899902344], "principal_point": [318.6369934082031, 201.59950256347656], "distortion_coeffs": [0.06530830264091492, -0.11837500333786011, 0.00043463599286042154, -0.0006928099901415408, 0.05387530103325844]}, "rgb_intrinsic": {"rows": 400, "cols": 640, "focal_length": [418.2958068847656, 418.9749755859375], "principal_point": [314.18792724609375, 184.3524932861328], "distortion_coeffs": [0.0036881500855088234, -0.04360570013523102, 0.00011929999891435727, -0.0001765000051818788, 0.024014199152588844]}, "extrinsic": {"rotation_matrix": [0.9999615550041199, 0.008655741810798645, -0.001437966711819172, -0.008626016788184643, 0.9997720122337341, 0.01953062415122986, 0.0016067186370491982, -0.0195174403488636, 0.9998085498809814], "translation_vector": [-10.031200408935547, 0.15782099962234497, 0.42969098687171936]}}