{"rgb_intrinsic": {"rows": 480, "cols": 640, "focal_length": [452.0596618652344, 452.0596618652344], "principal_point": [327.7781982421875, 243.31155395507812]}}