{"rgb_intrinsic": {"rows": 480, "cols": 640, "focal_length": [453.023681640625, 453.023681640625], "principal_point": [327.7578430175781, 242.31304931640625]}, "depth_intrinsic": {"rows": 480, "cols": 640, "focal_length": [474.63018798828125, 474.63018798828125], "principal_point": [322.07275390625, 199.1807861328125]}}